School Name,Region,Starting Median Salary,Mid-Career Median Salary,Mid-Career 10th Percentile Salary,Mid-Career 25th Percentile Salary,Mid-Career 75th Percentile Salary,Mid-Career 90th Percentile Salary
Stanford University&nbsp;,California&nbsp;,$70,400.00&nbsp;,$129,000.00&nbsp;,$68,400.00&nbsp;,$93,100.00&nbsp;,$184,000.00&nbsp;,$257,000.00&nbsp;
California Institute of Technology (CIT)&nbsp;,California&nbsp;,$75,500.00&nbsp;,$123,000.00&nbsp;,N/A&nbsp;,$104,000.00&nbsp;,$161,000.00&nbsp;,N/A&nbsp;
Harvey Mudd College&nbsp;,California&nbsp;,$71,800.00&nbsp;,$122,000.00&nbsp;,N/A&nbsp;,$96,000.00&nbsp;,$180,000.00&nbsp;,N/A&nbsp;
University of California, Berkeley&nbsp;,California&nbsp;,$59,900.00&nbsp;,$112,000.00&nbsp;,$59,500.00&nbsp;,$81,000.00&nbsp;,$149,000.00&nbsp;,$201,000.00&nbsp;
Occidental College&nbsp;,California&nbsp;,$51,900.00&nbsp;,$105,000.00&nbsp;,N/A&nbsp;,$54,800.00&nbsp;,$157,000.00&nbsp;,N/A&nbsp;
Cal Poly San Luis Obispo&nbsp;,California&nbsp;,$57,200.00&nbsp;,$101,000.00&nbsp;,$55,000.00&nbsp;,$74,700.00&nbsp;,$133,000.00&nbsp;,$178,000.00&nbsp;
University of California at Los Angeles (UCLA)&nbsp;,California&nbsp;,$52,600.00&nbsp;,$101,000.00&nbsp;,$51,300.00&nbsp;,$72,500.00&nbsp;,$139,000.00&nbsp;,$193,000.00&nbsp;
University of California, San Diego (UCSD)&nbsp;,California&nbsp;,$51,100.00&nbsp;,$101,000.00&nbsp;,$51,700.00&nbsp;,$75,400.00&nbsp;,$131,000.00&nbsp;,$177,000.00&nbsp;
Pomona College&nbsp;,California&nbsp;,$48,600.00&nbsp;,$101,000.00&nbsp;,N/A&nbsp;,$63,300.00&nbsp;,$161,000.00&nbsp;,N/A&nbsp;
University of Southern California (USC)&nbsp;,California&nbsp;,$54,800.00&nbsp;,$99,600.00&nbsp;,$49,700.00&nbsp;,$73,800.00&nbsp;,$140,000.00&nbsp;,$201,000.00&nbsp;
University of California, Davis&nbsp;,California&nbsp;,$52,300.00&nbsp;,$99,600.00&nbsp;,$52,000.00&nbsp;,$71,600.00&nbsp;,$135,000.00&nbsp;,$202,000.00&nbsp;
University of California, Irvine (UCI)&nbsp;,California&nbsp;,$48,300.00&nbsp;,$96,700.00&nbsp;,$47,800.00&nbsp;,$66,000.00&nbsp;,$123,000.00&nbsp;,$172,000.00&nbsp;
San Jose State University (SJSU)&nbsp;,California&nbsp;,$53,500.00&nbsp;,$95,600.00&nbsp;,$50,700.00&nbsp;,$70,500.00&nbsp;,$122,000.00&nbsp;,$156,000.00&nbsp;
University of California, Santa Barbara (UCSB)&nbsp;,California&nbsp;,$50,500.00&nbsp;,$95,000.00&nbsp;,$51,300.00&nbsp;,$71,200.00&nbsp;,$129,000.00&nbsp;,$173,000.00&nbsp;
California State University (CSU), Chico&nbsp;,California&nbsp;,$47,400.00&nbsp;,$88,100.00&nbsp;,$46,800.00&nbsp;,$62,800.00&nbsp;,$122,000.00&nbsp;,$154,000.00&nbsp;
California State University, Fullerton (CSUF)&nbsp;,California&nbsp;,$45,700.00&nbsp;,$87,000.00&nbsp;,$45,400.00&nbsp;,$62,500.00&nbsp;,$119,000.00&nbsp;,$158,000.00&nbsp;
San Francisco State University (SFSU)&nbsp;,California&nbsp;,$47,300.00&nbsp;,$86,400.00&nbsp;,$45,100.00&nbsp;,$62,700.00&nbsp;,$114,000.00&nbsp;,$150,000.00&nbsp;
San Diego State University (SDSU)&nbsp;,California&nbsp;,$46,200.00&nbsp;,$85,200.00&nbsp;,$45,500.00&nbsp;,$61,800.00&nbsp;,$116,000.00&nbsp;,$158,000.00&nbsp;
California State University, Long Beach (CSULB)&nbsp;,California&nbsp;,$45,100.00&nbsp;,$84,700.00&nbsp;,$47,400.00&nbsp;,$62,500.00&nbsp;,$113,000.00&nbsp;,$154,000.00&nbsp;
California State University, East Bay (CSUEB)&nbsp;,California&nbsp;,$49,200.00&nbsp;,$84,300.00&nbsp;,$46,000.00&nbsp;,$62,400.00&nbsp;,$115,000.00&nbsp;,$155,000.00&nbsp;
University of California, Santa Cruz (UCSC)&nbsp;,California&nbsp;,$44,700.00&nbsp;,$84,100.00&nbsp;,$46,100.00&nbsp;,$62,000.00&nbsp;,$121,000.00&nbsp;,$165,000.00&nbsp;
California State University, Sacramento (CSUS)&nbsp;,California&nbsp;,$47,800.00&nbsp;,$82,400.00&nbsp;,$42,900.00&nbsp;,$59,600.00&nbsp;,$111,000.00&nbsp;,$154,000.00&nbsp;
University of California, Riverside (UCR)&nbsp;,California&nbsp;,$46,800.00&nbsp;,$81,300.00&nbsp;,$37,200.00&nbsp;,$59,900.00&nbsp;,$109,000.00&nbsp;,$134,000.00&nbsp;
California State University, Northridge (CSUN)&nbsp;,California&nbsp;,$45,500.00&nbsp;,$80,400.00&nbsp;,$44,500.00&nbsp;,$57,800.00&nbsp;,$108,000.00&nbsp;,$153,000.00&nbsp;
California State University, Dominguez Hills (CSUDH)&nbsp;,California&nbsp;,$42,700.00&nbsp;,$72,100.00&nbsp;,$30,800.00&nbsp;,$47,000.00&nbsp;,$92,200.00&nbsp;,$132,000.00&nbsp;
California State University (CSU), Stanislaus&nbsp;,California&nbsp;,$38,000.00&nbsp;,$71,400.00&nbsp;,N/A&nbsp;,$50,500.00&nbsp;,$94,100.00&nbsp;,N/A&nbsp;
Humboldt State University&nbsp;,California&nbsp;,$42,600.00&nbsp;,$71,300.00&nbsp;,$36,000.00&nbsp;,$56,300.00&nbsp;,$94,400.00&nbsp;,$117,000.00&nbsp;
Thomas Aquinas College&nbsp;,California&nbsp;,$41,500.00&nbsp;,$67,500.00&nbsp;,N/A&nbsp;,$44,600.00&nbsp;,$93,100.00&nbsp;,N/A&nbsp;
Colorado School of Mines&nbsp;,Western&nbsp;,$58,100.00&nbsp;,$106,000.00&nbsp;,$62,200.00&nbsp;,$87,900.00&nbsp;,$142,000.00&nbsp;,$201,000.00&nbsp;
University of Colorado - Boulder (UCB)&nbsp;,Western&nbsp;,$47,100.00&nbsp;,$97,600.00&nbsp;,$51,600.00&nbsp;,$69,000.00&nbsp;,$128,000.00&nbsp;,$187,000.00&nbsp;
New Mexico Institute of Mining and Technology (New Mexico Tech)&nbsp;,Western&nbsp;,$51,000.00&nbsp;,$93,400.00&nbsp;,N/A&nbsp;,$67,400.00&nbsp;,$123,000.00&nbsp;,N/A&nbsp;
Brigham Young University (BYU)&nbsp;,Western&nbsp;,$49,400.00&nbsp;,$88,600.00&nbsp;,$50,600.00&nbsp;,$68,500.00&nbsp;,$119,000.00&nbsp;,$164,000.00&nbsp;
University of Arizona&nbsp;,Western&nbsp;,$47,500.00&nbsp;,$86,100.00&nbsp;,$44,800.00&nbsp;,$61,700.00&nbsp;,$117,000.00&nbsp;,$160,000.00&nbsp;
University of Washington (UW)&nbsp;,Western&nbsp;,$48,800.00&nbsp;,$85,300.00&nbsp;,$47,000.00&nbsp;,$59,800.00&nbsp;,$115,000.00&nbsp;,$149,000.00&nbsp;
Washington State University (WSU)&nbsp;,Western&nbsp;,$45,300.00&nbsp;,$84,700.00&nbsp;,$43,600.00&nbsp;,$59,000.00&nbsp;,$113,000.00&nbsp;,$162,000.00&nbsp;
University of Colorado - Denver&nbsp;,Western&nbsp;,$46,100.00&nbsp;,$84,400.00&nbsp;,$46,400.00&nbsp;,$58,600.00&nbsp;,$105,000.00&nbsp;,$144,000.00&nbsp;
Arizona State University (ASU)&nbsp;,Western&nbsp;,$47,400.00&nbsp;,$84,100.00&nbsp;,$44,600.00&nbsp;,$60,700.00&nbsp;,$114,000.00&nbsp;,$163,000.00&nbsp;
Oregon State University (OSU)&nbsp;,Western&nbsp;,$45,100.00&nbsp;,$83,300.00&nbsp;,$46,900.00&nbsp;,$64,000.00&nbsp;,$113,000.00&nbsp;,$146,000.00&nbsp;
University of Utah&nbsp;,Western&nbsp;,$45,400.00&nbsp;,$83,200.00&nbsp;,$43,000.00&nbsp;,$58,400.00&nbsp;,$116,000.00&nbsp;,$148,000.00&nbsp;
University of Nevada, Reno (UNR)&nbsp;,Western&nbsp;,$46,500.00&nbsp;,$82,900.00&nbsp;,$41,900.00&nbsp;,$54,600.00&nbsp;,$113,000.00&nbsp;,$143,000.00&nbsp;
Seattle University&nbsp;,Western&nbsp;,$48,300.00&nbsp;,$82,800.00&nbsp;,$50,600.00&nbsp;,$62,400.00&nbsp;,$110,000.00&nbsp;,$150,000.00&nbsp;
University of Idaho&nbsp;,Western&nbsp;,$44,900.00&nbsp;,$82,000.00&nbsp;,$43,000.00&nbsp;,$56,700.00&nbsp;,$104,000.00&nbsp;,$142,000.00&nbsp;
University of New Mexico (UNM)&nbsp;,Western&nbsp;,$41,600.00&nbsp;,$81,600.00&nbsp;,$41,800.00&nbsp;,$59,100.00&nbsp;,$105,000.00&nbsp;,$141,000.00&nbsp;
University of Puget Sound&nbsp;,Western&nbsp;,$46,600.00&nbsp;,$81,500.00&nbsp;,$48,900.00&nbsp;,$60,100.00&nbsp;,$104,000.00&nbsp;,$137,000.00&nbsp;
Colorado College (CC)&nbsp;,Western&nbsp;,$38,500.00&nbsp;,$81,400.00&nbsp;,N/A&nbsp;,$43,000.00&nbsp;,$148,000.00&nbsp;,N/A&nbsp;
Reed College&nbsp;,Western&nbsp;,$40,500.00&nbsp;,$81,100.00&nbsp;,N/A&nbsp;,$67,400.00&nbsp;,$101,000.00&nbsp;,N/A&nbsp;
Whitman College&nbsp;,Western&nbsp;,$43,500.00&nbsp;,$80,100.00&nbsp;,N/A&nbsp;,$64,800.00&nbsp;,$111,000.00&nbsp;,N/A&nbsp;
New Mexico State University&nbsp;,Western&nbsp;,$44,300.00&nbsp;,$79,500.00&nbsp;,$37,400.00&nbsp;,$53,800.00&nbsp;,$102,000.00&nbsp;,$131,000.00&nbsp;
Colorado State University (CSU)&nbsp;,Western&nbsp;,$44,800.00&nbsp;,$79,000.00&nbsp;,$43,800.00&nbsp;,$57,100.00&nbsp;,$112,000.00&nbsp;,$150,000.00&nbsp;
University of Wyoming (UW)&nbsp;,Western&nbsp;,$44,500.00&nbsp;,$78,700.00&nbsp;,$41,500.00&nbsp;,$54,000.00&nbsp;,$105,000.00&nbsp;,$145,000.00&nbsp;
Utah State University&nbsp;,Western&nbsp;,$43,800.00&nbsp;,$78,700.00&nbsp;,$41,600.00&nbsp;,$55,400.00&nbsp;,$101,000.00&nbsp;,$132,000.00&nbsp;
University of Oregon&nbsp;,Western&nbsp;,$42,200.00&nbsp;,$78,400.00&nbsp;,$38,100.00&nbsp;,$56,200.00&nbsp;,$117,000.00&nbsp;,$186,000.00&nbsp;
Montana State University - Bozeman&nbsp;,Western&nbsp;,$46,600.00&nbsp;,$77,500.00&nbsp;,$40,200.00&nbsp;,$58,100.00&nbsp;,$111,000.00&nbsp;,$151,000.00&nbsp;
Gonzaga University&nbsp;,Western&nbsp;,$44,900.00&nbsp;,$76,000.00&nbsp;,$47,000.00&nbsp;,$57,400.00&nbsp;,$103,000.00&nbsp;,$138,000.00&nbsp;
University of Hawaii&nbsp;,Western&nbsp;,$43,800.00&nbsp;,$76,000.00&nbsp;,$40,400.00&nbsp;,$56,300.00&nbsp;,$104,000.00&nbsp;,$128,000.00&nbsp;
Western Washington University&nbsp;,Western&nbsp;,$42,700.00&nbsp;,$75,400.00&nbsp;,$41,300.00&nbsp;,$56,700.00&nbsp;,$99,200.00&nbsp;,$119,000.00&nbsp;
Regis University&nbsp;,Western&nbsp;,$48,300.00&nbsp;,$73,800.00&nbsp;,$41,000.00&nbsp;,$55,500.00&nbsp;,$94,800.00&nbsp;,$117,000.00&nbsp;
Idaho State University&nbsp;,Western&nbsp;,$44,900.00&nbsp;,$73,400.00&nbsp;,$35,400.00&nbsp;,$49,600.00&nbsp;,$101,000.00&nbsp;,$143,000.00&nbsp;
University of Alaska, Anchorage&nbsp;,Western&nbsp;,$45,900.00&nbsp;,$72,600.00&nbsp;,$39,800.00&nbsp;,$56,600.00&nbsp;,$99,300.00&nbsp;,$137,000.00&nbsp;
Lewis & Clark College&nbsp;,Western&nbsp;,$38,900.00&nbsp;,$72,600.00&nbsp;,$38,200.00&nbsp;,$53,400.00&nbsp;,$104,000.00&nbsp;,$140,000.00&nbsp;
University of Montana&nbsp;,Western&nbsp;,$37,300.00&nbsp;,$71,900.00&nbsp;,$37,000.00&nbsp;,$51,500.00&nbsp;,$96,400.00&nbsp;,$138,000.00&nbsp;
University of Nevada, Las Vegas (UNLV)&nbsp;,Western&nbsp;,$45,200.00&nbsp;,$71,600.00&nbsp;,$39,000.00&nbsp;,$52,400.00&nbsp;,$100,000.00&nbsp;,$128,000.00&nbsp;
Portland State University (PSU)&nbsp;,Western&nbsp;,$42,600.00&nbsp;,$70,900.00&nbsp;,$40,700.00&nbsp;,$52,300.00&nbsp;,$94,400.00&nbsp;,$123,000.00&nbsp;
Eastern Washington University&nbsp;,Western&nbsp;,$38,600.00&nbsp;,$70,900.00&nbsp;,$36,000.00&nbsp;,$50,500.00&nbsp;,$93,100.00&nbsp;,$117,000.00&nbsp;
Fort Lewis College&nbsp;,Western&nbsp;,$42,000.00&nbsp;,$69,800.00&nbsp;,N/A&nbsp;,$55,000.00&nbsp;,$94,000.00&nbsp;,N/A&nbsp;
Boise State University (BSU)&nbsp;,Western&nbsp;,$40,800.00&nbsp;,$69,500.00&nbsp;,$37,400.00&nbsp;,$48,700.00&nbsp;,$87,500.00&nbsp;,$110,000.00&nbsp;
Utah Valley State College&nbsp;,Western&nbsp;,$42,400.00&nbsp;,$67,100.00&nbsp;,N/A&nbsp;,$44,100.00&nbsp;,$84,900.00&nbsp;,N/A&nbsp;
Evergreen State College&nbsp;,Western&nbsp;,$39,500.00&nbsp;,$63,900.00&nbsp;,$38,800.00&nbsp;,$47,200.00&nbsp;,$91,600.00&nbsp;,$120,000.00&nbsp;
Southern Utah University&nbsp;,Western&nbsp;,$41,900.00&nbsp;,$56,500.00&nbsp;,N/A&nbsp;,$39,700.00&nbsp;,$78,400.00&nbsp;,N/A&nbsp;
Montana State University - Billings&nbsp;,Western&nbsp;,$37,900.00&nbsp;,$50,600.00&nbsp;,N/A&nbsp;,$31,800.00&nbsp;,$78,500.00&nbsp;,N/A&nbsp;
University of Notre Dame&nbsp;,Midwestern&nbsp;,$56,300.00&nbsp;,$116,000.00&nbsp;,$66,400.00&nbsp;,$85,100.00&nbsp;,$163,000.00&nbsp;,$235,000.00&nbsp;
University Of Chicago&nbsp;,Midwestern&nbsp;,$53,400.00&nbsp;,$113,000.00&nbsp;,$62,200.00&nbsp;,$83,300.00&nbsp;,$174,000.00&nbsp;,$255,000.00&nbsp;
Carleton College&nbsp;,Midwestern&nbsp;,$47,500.00&nbsp;,$103,000.00&nbsp;,N/A&nbsp;,$69,400.00&nbsp;,$141,000.00&nbsp;,N/A&nbsp;
Illinois Institute of Technology (IIT)&nbsp;,Midwestern&nbsp;,$56,000.00&nbsp;,$97,800.00&nbsp;,$56,100.00&nbsp;,$77,400.00&nbsp;,$121,000.00&nbsp;,$165,000.00&nbsp;
Case Western Reserve University&nbsp;,Midwestern&nbsp;,$56,200.00&nbsp;,$96,500.00&nbsp;,$54,900.00&nbsp;,$76,500.00&nbsp;,$123,000.00&nbsp;,$168,000.00&nbsp;
University of Illinois at Urbana-Champaign (UIUC)&nbsp;,Midwestern&nbsp;,$52,900.00&nbsp;,$96,100.00&nbsp;,$48,200.00&nbsp;,$68,900.00&nbsp;,$132,000.00&nbsp;,$177,000.00&nbsp;
Northwestern University&nbsp;,Midwestern&nbsp;,$52,700.00&nbsp;,$95,900.00&nbsp;,$51,900.00&nbsp;,$69,100.00&nbsp;,$144,000.00&nbsp;,$205,000.00&nbsp;
University of Missouri - Rolla (UMR)&nbsp;,Midwestern&nbsp;,$57,100.00&nbsp;,$95,800.00&nbsp;,$67,600.00&nbsp;,$80,400.00&nbsp;,$122,000.00&nbsp;,$166,000.00&nbsp;
South Dakota School of Mines & Technology&nbsp;,Midwestern&nbsp;,$55,800.00&nbsp;,$93,400.00&nbsp;,$71,500.00&nbsp;,$81,900.00&nbsp;,$122,000.00&nbsp;,$147,000.00&nbsp;
University of Michigan&nbsp;,Midwestern&nbsp;,$52,700.00&nbsp;,$93,000.00&nbsp;,$50,900.00&nbsp;,$69,400.00&nbsp;,$128,000.00&nbsp;,$182,000.00&nbsp;
Purdue University&nbsp;,Midwestern&nbsp;,$51,400.00&nbsp;,$90,500.00&nbsp;,$49,900.00&nbsp;,$67,400.00&nbsp;,$121,000.00&nbsp;,$168,000.00&nbsp;
Marquette University&nbsp;,Midwestern&nbsp;,$48,500.00&nbsp;,$88,400.00&nbsp;,$49,500.00&nbsp;,$67,400.00&nbsp;,$121,000.00&nbsp;,$184,000.00&nbsp;
DePauw University&nbsp;,Midwestern&nbsp;,$41,400.00&nbsp;,$88,200.00&nbsp;,$49,500.00&nbsp;,$57,400.00&nbsp;,$133,000.00&nbsp;,$185,000.00&nbsp;
University of Wisconsin (UW) - Madison&nbsp;,Midwestern&nbsp;,$48,900.00&nbsp;,$87,800.00&nbsp;,$47,400.00&nbsp;,$62,400.00&nbsp;,$118,000.00&nbsp;,$170,000.00&nbsp;
Bradley University&nbsp;,Midwestern&nbsp;,$47,000.00&nbsp;,$87,300.00&nbsp;,$45,900.00&nbsp;,$64,900.00&nbsp;,$113,000.00&nbsp;,$151,000.00&nbsp;
St. Olaf College&nbsp;,Midwestern&nbsp;,$45,300.00&nbsp;,$86,200.00&nbsp;,$41,300.00&nbsp;,$61,000.00&nbsp;,$120,000.00&nbsp;,$185,000.00&nbsp;
Michigan State University (MSU)&nbsp;,Midwestern&nbsp;,$46,300.00&nbsp;,$85,300.00&nbsp;,$44,200.00&nbsp;,$61,500.00&nbsp;,$119,000.00&nbsp;,$170,000.00&nbsp;
DePaul University&nbsp;,Midwestern&nbsp;,$46,400.00&nbsp;,$84,800.00&nbsp;,$50,300.00&nbsp;,$63,900.00&nbsp;,$115,000.00&nbsp;,$160,000.00&nbsp;
Iowa State University&nbsp;,Midwestern&nbsp;,$45,400.00&nbsp;,$84,600.00&nbsp;,$44,400.00&nbsp;,$60,000.00&nbsp;,$109,000.00&nbsp;,$147,000.00&nbsp;
University of Minnesota&nbsp;,Midwestern&nbsp;,$46,200.00&nbsp;,$84,200.00&nbsp;,$49,000.00&nbsp;,$63,200.00&nbsp;,$112,000.00&nbsp;,$148,000.00&nbsp;
Indiana University (IU), Bloomington&nbsp;,Midwestern&nbsp;,$46,300.00&nbsp;,$84,000.00&nbsp;,$43,600.00&nbsp;,$60,400.00&nbsp;,$119,000.00&nbsp;,$178,000.00&nbsp;
University of Iowa (UI)&nbsp;,Midwestern&nbsp;,$44,700.00&nbsp;,$83,900.00&nbsp;,$43,300.00&nbsp;,$61,100.00&nbsp;,$116,000.00&nbsp;,$163,000.00&nbsp;
Ohio State University (OSU)&nbsp;,Midwestern&nbsp;,$44,900.00&nbsp;,$83,700.00&nbsp;,$45,500.00&nbsp;,$60,700.00&nbsp;,$116,000.00&nbsp;,$162,000.00&nbsp;
Denison University&nbsp;,Midwestern&nbsp;,$42,000.00&nbsp;,$83,500.00&nbsp;,N/A&nbsp;,$62,100.00&nbsp;,$122,000.00&nbsp;,N/A&nbsp;
University of Illinois at Chicago&nbsp;,Midwestern&nbsp;,$47,500.00&nbsp;,$81,700.00&nbsp;,$44,700.00&nbsp;,$58,800.00&nbsp;,$110,000.00&nbsp;,$146,000.00&nbsp;
Oberlin College&nbsp;,Midwestern&nbsp;,$43,400.00&nbsp;,$81,600.00&nbsp;,N/A&nbsp;,$46,400.00&nbsp;,$128,000.00&nbsp;,N/A&nbsp;
University of Kansas&nbsp;,Midwestern&nbsp;,$42,400.00&nbsp;,$81,600.00&nbsp;,$44,800.00&nbsp;,$57,200.00&nbsp;,$115,000.00&nbsp;,$156,000.00&nbsp;
University of Missouri - Columbia&nbsp;,Midwestern&nbsp;,$41,700.00&nbsp;,$81,000.00&nbsp;,$43,500.00&nbsp;,$57,100.00&nbsp;,$111,000.00&nbsp;,$156,000.00&nbsp;
University of Nebraska&nbsp;,Midwestern&nbsp;,$45,700.00&nbsp;,$80,900.00&nbsp;,$42,200.00&nbsp;,$56,600.00&nbsp;,$113,000.00&nbsp;,$156,000.00&nbsp;
Northern Illinois University (NIU)&nbsp;,Midwestern&nbsp;,$43,600.00&nbsp;,$80,800.00&nbsp;,$43,900.00&nbsp;,$60,200.00&nbsp;,$111,000.00&nbsp;,$161,000.00&nbsp;
Gustavus Adolphus College&nbsp;,Midwestern&nbsp;,$44,500.00&nbsp;,$80,600.00&nbsp;,N/A&nbsp;,$49,300.00&nbsp;,$101,000.00&nbsp;,N/A&nbsp;
University of North Dakota&nbsp;,Midwestern&nbsp;,$44,000.00&nbsp;,$80,600.00&nbsp;,$43,400.00&nbsp;,$56,400.00&nbsp;,$111,000.00&nbsp;,$157,000.00&nbsp;
Kansas State University (KSU)&nbsp;,Midwestern&nbsp;,$43,300.00&nbsp;,$79,000.00&nbsp;,$37,200.00&nbsp;,$54,100.00&nbsp;,$106,000.00&nbsp;,$138,000.00&nbsp;
University of Wisconsin (UW) - Platteville&nbsp;,Midwestern&nbsp;,$45,800.00&nbsp;,$78,500.00&nbsp;,$48,400.00&nbsp;,$61,200.00&nbsp;,$100,000.00&nbsp;,$139,000.00&nbsp;
Wittenberg University&nbsp;,Midwestern&nbsp;,$39,200.00&nbsp;,$78,200.00&nbsp;,N/A&nbsp;,$54,100.00&nbsp;,$131,000.00&nbsp;,N/A&nbsp;
North Dakota State University (NDSU)&nbsp;,Midwestern&nbsp;,$45,100.00&nbsp;,$77,800.00&nbsp;,$39,000.00&nbsp;,$55,800.00&nbsp;,$100,000.00&nbsp;,$123,000.00&nbsp;
Grinnell College&nbsp;,Midwestern&nbsp;,$42,600.00&nbsp;,$76,600.00&nbsp;,N/A&nbsp;,$65,100.00&nbsp;,$116,000.00&nbsp;,N/A&nbsp;
Wayne State University&nbsp;,Midwestern&nbsp;,$42,800.00&nbsp;,$76,100.00&nbsp;,$40,100.00&nbsp;,$56,200.00&nbsp;,$101,000.00&nbsp;,$139,000.00&nbsp;
University of Toledo&nbsp;,Midwestern&nbsp;,$43,100.00&nbsp;,$75,900.00&nbsp;,$40,100.00&nbsp;,$54,100.00&nbsp;,$100,000.00&nbsp;,$133,000.00&nbsp;
University of Wisconsin (UW) - Whitewater&nbsp;,Midwestern&nbsp;,$40,800.00&nbsp;,$75,500.00&nbsp;,$38,200.00&nbsp;,$53,500.00&nbsp;,$99,300.00&nbsp;,$150,000.00&nbsp;
Minnesota State University - Mankato&nbsp;,Midwestern&nbsp;,$43,300.00&nbsp;,$74,700.00&nbsp;,$39,500.00&nbsp;,$53,800.00&nbsp;,$95,700.00&nbsp;,$140,000.00&nbsp;
University of Wisconsin (UW) - Milwaukee&nbsp;,Midwestern&nbsp;,$42,300.00&nbsp;,$74,600.00&nbsp;,$40,600.00&nbsp;,$54,000.00&nbsp;,$93,700.00&nbsp;,$123,000.00&nbsp;
Western Michigan University (WMU)&nbsp;,Midwestern&nbsp;,$42,300.00&nbsp;,$73,800.00&nbsp;,$40,100.00&nbsp;,$52,500.00&nbsp;,$103,000.00&nbsp;,$135,000.00&nbsp;
South Dakota State University (SDSU)&nbsp;,Midwestern&nbsp;,$41,100.00&nbsp;,$73,500.00&nbsp;,$34,100.00&nbsp;,$49,900.00&nbsp;,$99,400.00&nbsp;,$129,000.00&nbsp;
Ohio University&nbsp;,Midwestern&nbsp;,$42,200.00&nbsp;,$73,400.00&nbsp;,$36,600.00&nbsp;,$52,800.00&nbsp;,$106,000.00&nbsp;,$150,000.00&nbsp;
Illinois State University&nbsp;,Midwestern&nbsp;,$42,000.00&nbsp;,$73,400.00&nbsp;,$39,100.00&nbsp;,$55,200.00&nbsp;,$105,000.00&nbsp;,$142,000.00&nbsp;
Cleveland State University&nbsp;,Midwestern&nbsp;,$43,500.00&nbsp;,$73,100.00&nbsp;,$39,500.00&nbsp;,$51,600.00&nbsp;,$97,000.00&nbsp;,$137,000.00&nbsp;
University of Nebraska at Omaha&nbsp;,Midwestern&nbsp;,$41,500.00&nbsp;,$72,600.00&nbsp;,$39,500.00&nbsp;,$54,400.00&nbsp;,$97,400.00&nbsp;,$126,000.00&nbsp;
Southern Illinois University Carbondale&nbsp;,Midwestern&nbsp;,$43,000.00&nbsp;,$72,500.00&nbsp;,$38,300.00&nbsp;,$51,300.00&nbsp;,$99,300.00&nbsp;,$139,000.00&nbsp;
Eastern Michigan University&nbsp;,Midwestern&nbsp;,$40,300.00&nbsp;,$72,100.00&nbsp;,$37,900.00&nbsp;,$52,800.00&nbsp;,$95,400.00&nbsp;,$135,000.00&nbsp;
Bowling Green State University&nbsp;,Midwestern&nbsp;,$39,800.00&nbsp;,$72,100.00&nbsp;,$38,200.00&nbsp;,$51,800.00&nbsp;,$101,000.00&nbsp;,$146,000.00&nbsp;
St. Cloud State University&nbsp;,Midwestern&nbsp;,$41,800.00&nbsp;,$71,400.00&nbsp;,$38,700.00&nbsp;,$49,400.00&nbsp;,$101,000.00&nbsp;,$126,000.00&nbsp;
University of Wisconsin (UW) - Parkside&nbsp;,Midwestern&nbsp;,$40,700.00&nbsp;,$71,400.00&nbsp;,$40,900.00&nbsp;,$53,100.00&nbsp;,$84,900.00&nbsp;,$119,000.00&nbsp;
University of Akron&nbsp;,Midwestern&nbsp;,$41,100.00&nbsp;,$70,300.00&nbsp;,$40,600.00&nbsp;,$53,300.00&nbsp;,$95,200.00&nbsp;,$127,000.00&nbsp;
Missouri State University (MSU)&nbsp;,Midwestern&nbsp;,$36,100.00&nbsp;,$69,500.00&nbsp;,$33,300.00&nbsp;,$46,900.00&nbsp;,$102,000.00&nbsp;,$134,000.00&nbsp;
University of Wisconsin (UW) - La Crosse&nbsp;,Midwestern&nbsp;,$42,200.00&nbsp;,$69,300.00&nbsp;,$37,500.00&nbsp;,$47,200.00&nbsp;,$93,100.00&nbsp;,$133,000.00&nbsp;
University of Wisconsin (UW) - Stout&nbsp;,Midwestern&nbsp;,$43,600.00&nbsp;,$68,300.00&nbsp;,$40,900.00&nbsp;,$50,600.00&nbsp;,$91,600.00&nbsp;,$136,000.00&nbsp;
Robert Morris College (RMC)&nbsp;,Midwestern&nbsp;,$38,500.00&nbsp;,$68,200.00&nbsp;,$37,300.00&nbsp;,$47,100.00&nbsp;,$95,000.00&nbsp;,$128,000.00&nbsp;
University of Missouri - St. Louis (UMSL)&nbsp;,Midwestern&nbsp;,$41,400.00&nbsp;,$67,100.00&nbsp;,$36,800.00&nbsp;,$49,600.00&nbsp;,$97,600.00&nbsp;,$144,000.00&nbsp;
University of Wisconsin (UW) - Oshkosh&nbsp;,Midwestern&nbsp;,$39,300.00&nbsp;,$66,400.00&nbsp;,$37,700.00&nbsp;,$49,700.00&nbsp;,$90,100.00&nbsp;,$138,000.00&nbsp;
University of Missouri - Kansas City (UMKC)&nbsp;,Midwestern&nbsp;,$38,900.00&nbsp;,$65,800.00&nbsp;,$36,300.00&nbsp;,$48,100.00&nbsp;,$95,800.00&nbsp;,$124,000.00&nbsp;
University of Wisconsin (UW) - Eau Claire&nbsp;,Midwestern&nbsp;,$41,400.00&nbsp;,$64,800.00&nbsp;,$35,000.00&nbsp;,$47,300.00&nbsp;,$93,100.00&nbsp;,$125,000.00&nbsp;
Ball State University (BSU)&nbsp;,Midwestern&nbsp;,$39,100.00&nbsp;,$64,500.00&nbsp;,$35,500.00&nbsp;,$48,200.00&nbsp;,$89,300.00&nbsp;,$128,000.00&nbsp;
Park University&nbsp;,Midwestern&nbsp;,$44,300.00&nbsp;,$64,300.00&nbsp;,$37,200.00&nbsp;,$45,600.00&nbsp;,$86,400.00&nbsp;,$113,000.00&nbsp;
University of Wisconsin (UW) - Stevens Point&nbsp;,Midwestern&nbsp;,$39,800.00&nbsp;,$64,000.00&nbsp;,$38,400.00&nbsp;,$45,100.00&nbsp;,$95,400.00&nbsp;,$128,000.00&nbsp;
Kent State University&nbsp;,Midwestern&nbsp;,$38,700.00&nbsp;,$62,600.00&nbsp;,$36,100.00&nbsp;,$45,800.00&nbsp;,$87,000.00&nbsp;,$124,000.00&nbsp;
University of Wisconsin (UW) - Green Bay&nbsp;,Midwestern&nbsp;,$35,800.00&nbsp;,$60,600.00&nbsp;,$35,500.00&nbsp;,$46,800.00&nbsp;,$81,800.00&nbsp;,$102,000.00&nbsp;
Indiana Wesleyan University (IWU)&nbsp;,Midwestern&nbsp;,$39,800.00&nbsp;,$58,500.00&nbsp;,$39,600.00&nbsp;,$47,800.00&nbsp;,$78,600.00&nbsp;,$93,400.00&nbsp;
Pittsburg State University&nbsp;,Midwestern&nbsp;,$40,400.00&nbsp;,$58,200.00&nbsp;,$25,600.00&nbsp;,$46,000.00&nbsp;,$84,600.00&nbsp;,$117,000.00&nbsp;
Davenport University&nbsp;,Midwestern&nbsp;,$39,700.00&nbsp;,$46,600.00&nbsp;,$31,600.00&nbsp;,$38,100.00&nbsp;,$65,600.00&nbsp;,$85,700.00&nbsp;
Black Hills State University&nbsp;,Midwestern&nbsp;,$35,300.00&nbsp;,$43,900.00&nbsp;,N/A&nbsp;,$32,200.00&nbsp;,$60,900.00&nbsp;,N/A&nbsp;
Rice University&nbsp;,Southern&nbsp;,$64,000.00&nbsp;,$110,000.00&nbsp;,$55,900.00&nbsp;,$82,100.00&nbsp;,$141,000.00&nbsp;,$216,000.00&nbsp;
Georgetown University&nbsp;,Southern&nbsp;,$55,000.00&nbsp;,$110,000.00&nbsp;,$60,300.00&nbsp;,$85,800.00&nbsp;,$174,000.00&nbsp;,$248,000.00&nbsp;
Duke University&nbsp;,Southern&nbsp;,$58,900.00&nbsp;,$106,000.00&nbsp;,$56,000.00&nbsp;,$77,400.00&nbsp;,$149,000.00&nbsp;,$218,000.00&nbsp;
Georgia Institute of Technology&nbsp;,Southern&nbsp;,$58,300.00&nbsp;,$106,000.00&nbsp;,$67,200.00&nbsp;,$85,200.00&nbsp;,$137,000.00&nbsp;,$183,000.00&nbsp;
Washington and Lee University&nbsp;,Southern&nbsp;,$53,600.00&nbsp;,$104,000.00&nbsp;,N/A&nbsp;,$82,800.00&nbsp;,$146,000.00&nbsp;,N/A&nbsp;
Vanderbilt University&nbsp;,Southern&nbsp;,$51,200.00&nbsp;,$104,000.00&nbsp;,$49,900.00&nbsp;,$68,100.00&nbsp;,$147,000.00&nbsp;,$222,000.00&nbsp;
Davidson College&nbsp;,Southern&nbsp;,$46,100.00&nbsp;,$104,000.00&nbsp;,N/A&nbsp;,$70,500.00&nbsp;,$146,000.00&nbsp;,N/A&nbsp;
University of Virginia (UVA)&nbsp;,Southern&nbsp;,$52,700.00&nbsp;,$103,000.00&nbsp;,$52,200.00&nbsp;,$71,800.00&nbsp;,$146,000.00&nbsp;,$215,000.00&nbsp;
George Washington University (GWU)&nbsp;,Southern&nbsp;,$47,000.00&nbsp;,$97,900.00&nbsp;,$48,400.00&nbsp;,$69,600.00&nbsp;,$132,000.00&nbsp;,$194,000.00&nbsp;
Texas A&M University&nbsp;,Southern&nbsp;,$49,700.00&nbsp;,$96,100.00&nbsp;,$51,100.00&nbsp;,$71,300.00&nbsp;,$131,000.00&nbsp;,$171,000.00&nbsp;
Tulane University&nbsp;,Southern&nbsp;,$49,100.00&nbsp;,$95,800.00&nbsp;,$46,500.00&nbsp;,$64,400.00&nbsp;,$134,000.00&nbsp;,$185,000.00&nbsp;
Virginia Polytechnic Institute and State University (Virginia Tech)&nbsp;,Southern&nbsp;,$53,500.00&nbsp;,$95,400.00&nbsp;,$50,600.00&nbsp;,$71,400.00&nbsp;,$124,000.00&nbsp;,$163,000.00&nbsp;
University of Maryland, College Park&nbsp;,Southern&nbsp;,$52,000.00&nbsp;,$95,000.00&nbsp;,$50,400.00&nbsp;,$68,300.00&nbsp;,$126,000.00&nbsp;,$166,000.00&nbsp;
University of Richmond&nbsp;,Southern&nbsp;,$48,600.00&nbsp;,$94,600.00&nbsp;,$44,500.00&nbsp;,$59,400.00&nbsp;,$151,000.00&nbsp;,$211,000.00&nbsp;
University of Texas (UT) - Austin&nbsp;,Southern&nbsp;,$49,700.00&nbsp;,$93,900.00&nbsp;,$50,100.00&nbsp;,$67,400.00&nbsp;,$129,000.00&nbsp;,$188,000.00&nbsp;
Emory University&nbsp;,Southern&nbsp;,$52,000.00&nbsp;,$91,600.00&nbsp;,$52,500.00&nbsp;,$63,300.00&nbsp;,$128,000.00&nbsp;,$192,000.00&nbsp;
American University, Washington D.C.&nbsp;,Southern&nbsp;,$45,300.00&nbsp;,$90,800.00&nbsp;,$45,200.00&nbsp;,$62,400.00&nbsp;,$134,000.00&nbsp;,$169,000.00&nbsp;
University of Tulsa&nbsp;,Southern&nbsp;,$42,400.00&nbsp;,$88,700.00&nbsp;,$42,300.00&nbsp;,$60,300.00&nbsp;,$120,000.00&nbsp;,$197,000.00&nbsp;
Baylor University&nbsp;,Southern&nbsp;,$48,300.00&nbsp;,$88,600.00&nbsp;,$46,300.00&nbsp;,$60,700.00&nbsp;,$130,000.00&nbsp;,$200,000.00&nbsp;
University of Florida (UF)&nbsp;,Southern&nbsp;,$47,100.00&nbsp;,$87,900.00&nbsp;,$45,400.00&nbsp;,$62,900.00&nbsp;,$120,000.00&nbsp;,$172,000.00&nbsp;
Louisiana State University (LSU)&nbsp;,Southern&nbsp;,$46,900.00&nbsp;,$87,800.00&nbsp;,$43,700.00&nbsp;,$61,300.00&nbsp;,$120,000.00&nbsp;,$165,000.00&nbsp;
George Mason University&nbsp;,Southern&nbsp;,$47,800.00&nbsp;,$86,900.00&nbsp;,$51,300.00&nbsp;,$67,200.00&nbsp;,$114,000.00&nbsp;,$150,000.00&nbsp;
Clemson University&nbsp;,Southern&nbsp;,$48,400.00&nbsp;,$86,000.00&nbsp;,$50,500.00&nbsp;,$61,800.00&nbsp;,$111,000.00&nbsp;,$150,000.00&nbsp;
University of Georgia (UGA)&nbsp;,Southern&nbsp;,$44,100.00&nbsp;,$86,000.00&nbsp;,$43,100.00&nbsp;,$57,800.00&nbsp;,$118,000.00&nbsp;,$164,000.00&nbsp;
Auburn University&nbsp;,Southern&nbsp;,$45,400.00&nbsp;,$84,700.00&nbsp;,$45,400.00&nbsp;,$62,700.00&nbsp;,$109,000.00&nbsp;,$145,000.00&nbsp;
University of Delaware&nbsp;,Southern&nbsp;,$45,900.00&nbsp;,$84,500.00&nbsp;,$44,500.00&nbsp;,$64,000.00&nbsp;,$119,000.00&nbsp;,$165,000.00&nbsp;
Randolph-Macon College&nbsp;,Southern&nbsp;,$42,600.00&nbsp;,$83,600.00&nbsp;,N/A&nbsp;,$54,100.00&nbsp;,$123,000.00&nbsp;,N/A&nbsp;
North Carolina State University (NCSU)&nbsp;,Southern&nbsp;,$47,200.00&nbsp;,$83,300.00&nbsp;,$49,200.00&nbsp;,$64,800.00&nbsp;,$112,000.00&nbsp;,$153,000.00&nbsp;
University of Oklahoma&nbsp;,Southern&nbsp;,$44,700.00&nbsp;,$82,900.00&nbsp;,$41,200.00&nbsp;,$60,300.00&nbsp;,$114,000.00&nbsp;,$167,000.00&nbsp;
University of Arkansas&nbsp;,Southern&nbsp;,$44,100.00&nbsp;,$82,800.00&nbsp;,$43,200.00&nbsp;,$60,700.00&nbsp;,$113,000.00&nbsp;,$160,000.00&nbsp;
University of Alabama at Huntsville (UAH)&nbsp;,Southern&nbsp;,$43,100.00&nbsp;,$82,700.00&nbsp;,$46,100.00&nbsp;,$67,800.00&nbsp;,$106,000.00&nbsp;,$132,000.00&nbsp;
Howard University&nbsp;,Southern&nbsp;,$46,900.00&nbsp;,$81,800.00&nbsp;,$43,300.00&nbsp;,$60,000.00&nbsp;,$109,000.00&nbsp;,$138,000.00&nbsp;
University of North Carolina at Chapel Hill (UNCH)&nbsp;,Southern&nbsp;,$42,900.00&nbsp;,$81,500.00&nbsp;,$43,400.00&nbsp;,$57,500.00&nbsp;,$117,000.00&nbsp;,$155,000.00&nbsp;
University of Alabama, Tuscaloosa&nbsp;,Southern&nbsp;,$41,300.00&nbsp;,$81,400.00&nbsp;,$40,100.00&nbsp;,$56,500.00&nbsp;,$117,000.00&nbsp;,$161,000.00&nbsp;
University of Texas at Arlington (UTA)&nbsp;,Southern&nbsp;,$45,400.00&nbsp;,$80,800.00&nbsp;,$46,400.00&nbsp;,$61,200.00&nbsp;,$106,000.00&nbsp;,$138,000.00&nbsp;
Oklahoma State University&nbsp;,Southern&nbsp;,$42,800.00&nbsp;,$80,700.00&nbsp;,$40,100.00&nbsp;,$56,500.00&nbsp;,$114,000.00&nbsp;,$151,000.00&nbsp;
Tennessee Technological University&nbsp;,Southern&nbsp;,$46,200.00&nbsp;,$80,000.00&nbsp;,$42,100.00&nbsp;,$62,600.00&nbsp;,$99,500.00&nbsp;,$121,000.00&nbsp;
University of Houston (UH)&nbsp;,Southern&nbsp;,$46,000.00&nbsp;,$79,900.00&nbsp;,$42,000.00&nbsp;,$56,200.00&nbsp;,$106,000.00&nbsp;,$141,000.00&nbsp;
University of Mississippi&nbsp;,Southern&nbsp;,$41,400.00&nbsp;,$79,700.00&nbsp;,$40,400.00&nbsp;,$53,500.00&nbsp;,$108,000.00&nbsp;,$186,000.00&nbsp;
Lamar University&nbsp;,Southern&nbsp;,$46,500.00&nbsp;,$79,400.00&nbsp;,$38,700.00&nbsp;,$51,600.00&nbsp;,$114,000.00&nbsp;,$158,000.00&nbsp;
Mississippi State University (MSU)&nbsp;,Southern&nbsp;,$44,500.00&nbsp;,$79,300.00&nbsp;,$43,300.00&nbsp;,$58,800.00&nbsp;,$108,000.00&nbsp;,$151,000.00&nbsp;
University of Kentucky (UK)&nbsp;,Southern&nbsp;,$42,800.00&nbsp;,$78,300.00&nbsp;,$43,000.00&nbsp;,$57,300.00&nbsp;,$107,000.00&nbsp;,$149,000.00&nbsp;
Texas Christian University (TCU)&nbsp;,Southern&nbsp;,$45,100.00&nbsp;,$78,100.00&nbsp;,$42,600.00&nbsp;,$56,600.00&nbsp;,$122,000.00&nbsp;,$183,000.00&nbsp;
West Virginia University (WVU)&nbsp;,Southern&nbsp;,$43,100.00&nbsp;,$78,100.00&nbsp;,$39,700.00&nbsp;,$55,700.00&nbsp;,$106,000.00&nbsp;,$141,000.00&nbsp;
University of Maryland Baltimore County (UMBC)&nbsp;,Southern&nbsp;,$47,000.00&nbsp;,$77,800.00&nbsp;,$46,900.00&nbsp;,$59,100.00&nbsp;,$105,000.00&nbsp;,$130,000.00&nbsp;
University of Louisiana (UL) at Lafayette&nbsp;,Southern&nbsp;,$41,100.00&nbsp;,$76,300.00&nbsp;,$42,000.00&nbsp;,$54,500.00&nbsp;,$107,000.00&nbsp;,$163,000.00&nbsp;
Florida International University (FIU)&nbsp;,Southern&nbsp;,$43,200.00&nbsp;,$75,500.00&nbsp;,$40,500.00&nbsp;,$55,800.00&nbsp;,$98,200.00&nbsp;,$136,000.00&nbsp;
University of Tennessee&nbsp;,Southern&nbsp;,$43,800.00&nbsp;,$74,600.00&nbsp;,$41,900.00&nbsp;,$53,200.00&nbsp;,$106,000.00&nbsp;,$153,000.00&nbsp;
University of Arkansas - Monticello (UAM)&nbsp;,Southern&nbsp;,$39,200.00&nbsp;,$74,500.00&nbsp;,N/A&nbsp;,$46,100.00&nbsp;,$110,000.00&nbsp;,N/A&nbsp;
University of North Carolina at Charlotte (UNCC)&nbsp;,Southern&nbsp;,$43,100.00&nbsp;,$74,000.00&nbsp;,$38,200.00&nbsp;,$53,200.00&nbsp;,$99,500.00&nbsp;,$133,000.00&nbsp;
Georgia State University&nbsp;,Southern&nbsp;,$41,800.00&nbsp;,$74,000.00&nbsp;,$43,000.00&nbsp;,$55,300.00&nbsp;,$99,900.00&nbsp;,$145,000.00&nbsp;
LeTourneau University&nbsp;,Southern&nbsp;,$49,500.00&nbsp;,$73,800.00&nbsp;,$41,200.00&nbsp;,$52,700.00&nbsp;,$95,200.00&nbsp;,$126,000.00&nbsp;
Florida State University (FSU)&nbsp;,Southern&nbsp;,$42,100.00&nbsp;,$73,000.00&nbsp;,$39,600.00&nbsp;,$52,800.00&nbsp;,$107,000.00&nbsp;,$156,000.00&nbsp;
University of Texas at El Paso (UTEP)&nbsp;,Southern&nbsp;,$43,400.00&nbsp;,$72,100.00&nbsp;,$37,700.00&nbsp;,$50,400.00&nbsp;,$99,500.00&nbsp;,$133,000.00&nbsp;
University of Central Florida (UCF)&nbsp;,Southern&nbsp;,$42,600.00&nbsp;,$71,700.00&nbsp;,$39,500.00&nbsp;,$51,500.00&nbsp;,$98,400.00&nbsp;,$125,000.00&nbsp;
University of South Carolina&nbsp;,Southern&nbsp;,$40,000.00&nbsp;,$71,700.00&nbsp;,$36,300.00&nbsp;,$49,900.00&nbsp;,$98,400.00&nbsp;,$131,000.00&nbsp;
Florida Atlantic University (FAU)&nbsp;,Southern&nbsp;,$42,600.00&nbsp;,$71,100.00&nbsp;,$40,700.00&nbsp;,$53,000.00&nbsp;,$99,500.00&nbsp;,$137,000.00&nbsp;
University of South Florida (USF)&nbsp;,Southern&nbsp;,$41,100.00&nbsp;,$71,100.00&nbsp;,$39,600.00&nbsp;,$51,500.00&nbsp;,$98,100.00&nbsp;,$131,000.00&nbsp;
University of Texas at San Antonio (UTSA)&nbsp;,Southern&nbsp;,$42,500.00&nbsp;,$70,700.00&nbsp;,$39,100.00&nbsp;,$49,800.00&nbsp;,$92,700.00&nbsp;,$121,000.00&nbsp;
University of Alabama at Birmingham (UAB)&nbsp;,Southern&nbsp;,$39,200.00&nbsp;,$70,100.00&nbsp;,$43,000.00&nbsp;,$53,400.00&nbsp;,$91,400.00&nbsp;,$125,000.00&nbsp;
University of Memphis (U of M)&nbsp;,Southern&nbsp;,$41,400.00&nbsp;,$69,700.00&nbsp;,$36,100.00&nbsp;,$49,100.00&nbsp;,$93,500.00&nbsp;,$127,000.00&nbsp;
Appalachian State University&nbsp;,Southern&nbsp;,$40,400.00&nbsp;,$69,100.00&nbsp;,$37,200.00&nbsp;,$50,400.00&nbsp;,$90,800.00&nbsp;,$115,000.00&nbsp;
Virginia Commonwealth University (VCU)&nbsp;,Southern&nbsp;,$42,000.00&nbsp;,$68,400.00&nbsp;,$37,400.00&nbsp;,$51,900.00&nbsp;,$100,000.00&nbsp;,$123,000.00&nbsp;
East Carolina University (ECU)&nbsp;,Southern&nbsp;,$40,200.00&nbsp;,$67,500.00&nbsp;,$38,400.00&nbsp;,$52,000.00&nbsp;,$98,700.00&nbsp;,$151,000.00&nbsp;
Western Carolina University&nbsp;,Southern&nbsp;,$36,900.00&nbsp;,$66,600.00&nbsp;,$39,000.00&nbsp;,$49,500.00&nbsp;,$94,400.00&nbsp;,$133,000.00&nbsp;
Jacksonville University&nbsp;,Southern&nbsp;,$46,700.00&nbsp;,$66,200.00&nbsp;,$36,700.00&nbsp;,$47,200.00&nbsp;,$88,500.00&nbsp;,$121,000.00&nbsp;
University of North Carolina at Wilmington (UNCW)&nbsp;,Southern&nbsp;,$37,500.00&nbsp;,$64,400.00&nbsp;,$32,100.00&nbsp;,$46,600.00&nbsp;,$97,100.00&nbsp;,$129,000.00&nbsp;
Oklahoma City University&nbsp;,Southern&nbsp;,$40,000.00&nbsp;,$64,300.00&nbsp;,N/A&nbsp;,$45,400.00&nbsp;,$80,600.00&nbsp;,N/A&nbsp;
Arkansas State University (ASU)&nbsp;,Southern&nbsp;,$38,700.00&nbsp;,$63,300.00&nbsp;,$33,600.00&nbsp;,$45,300.00&nbsp;,$83,900.00&nbsp;,$118,000.00&nbsp;
Tarleton State University (TSU)&nbsp;,Southern&nbsp;,$40,800.00&nbsp;,$62,400.00&nbsp;,$32,100.00&nbsp;,$47,400.00&nbsp;,$80,400.00&nbsp;,$126,000.00&nbsp;
Morehead State University&nbsp;,Southern&nbsp;,$34,800.00&nbsp;,$60,600.00&nbsp;,$34,300.00&nbsp;,$46,500.00&nbsp;,$72,000.00&nbsp;,$91,300.00&nbsp;
Mississippi College&nbsp;,Southern&nbsp;,$35,400.00&nbsp;,$60,400.00&nbsp;,N/A&nbsp;,$43,900.00&nbsp;,$80,400.00&nbsp;,N/A&nbsp;
Dallas Baptist University&nbsp;,Southern&nbsp;,$39,400.00&nbsp;,$60,200.00&nbsp;,$38,500.00&nbsp;,$50,300.00&nbsp;,$81,800.00&nbsp;,$98,100.00&nbsp;
Austin Peay State University&nbsp;,Southern&nbsp;,$37,700.00&nbsp;,$59,200.00&nbsp;,$32,200.00&nbsp;,$40,500.00&nbsp;,$73,900.00&nbsp;,$96,200.00&nbsp;
Saint Leo University&nbsp;,Southern&nbsp;,$40,900.00&nbsp;,$57,800.00&nbsp;,$34,400.00&nbsp;,$41,800.00&nbsp;,$80,600.00&nbsp;,$113,000.00&nbsp;
Tusculum College&nbsp;,Southern&nbsp;,$36,900.00&nbsp;,$55,500.00&nbsp;,$36,200.00&nbsp;,$43,000.00&nbsp;,$87,300.00&nbsp;,$124,000.00&nbsp;
Virginia Wesleyan College (VWC)&nbsp;,Southern&nbsp;,$34,600.00&nbsp;,$54,900.00&nbsp;,N/A&nbsp;,$37,100.00&nbsp;,$88,900.00&nbsp;,N/A&nbsp;
Lee University (Cleveland, TN)&nbsp;,Southern&nbsp;,$34,500.00&nbsp;,$53,900.00&nbsp;,N/A&nbsp;,$44,500.00&nbsp;,$76,800.00&nbsp;,N/A&nbsp;
Florida Metropolitan University (FMU)&nbsp;,Southern&nbsp;,$36,600.00&nbsp;,$51,000.00&nbsp;,$32,800.00&nbsp;,$36,800.00&nbsp;,$70,400.00&nbsp;,$102,000.00&nbsp;
Dartmouth College&nbsp;,Northeastern&nbsp;,$58,000.00&nbsp;,$134,000.00&nbsp;,$63,100.00&nbsp;,$90,200.00&nbsp;,$234,000.00&nbsp;,$321,000.00&nbsp;
Princeton University&nbsp;,Northeastern&nbsp;,$66,500.00&nbsp;,$131,000.00&nbsp;,$68,900.00&nbsp;,$100,000.00&nbsp;,$190,000.00&nbsp;,$261,000.00&nbsp;
Massachusetts Institute of Technology (MIT)&nbsp;,Northeastern&nbsp;,$72,200.00&nbsp;,$126,000.00&nbsp;,$76,800.00&nbsp;,$99,200.00&nbsp;,$168,000.00&nbsp;,$220,000.00&nbsp;
Yale University&nbsp;,Northeastern&nbsp;,$59,100.00&nbsp;,$126,000.00&nbsp;,$58,000.00&nbsp;,$80,600.00&nbsp;,$198,000.00&nbsp;,$326,000.00&nbsp;
Harvard University&nbsp;,Northeastern&nbsp;,$63,400.00&nbsp;,$124,000.00&nbsp;,$54,800.00&nbsp;,$86,200.00&nbsp;,$179,000.00&nbsp;,$288,000.00&nbsp;
University of Pennsylvania&nbsp;,Northeastern&nbsp;,$60,900.00&nbsp;,$120,000.00&nbsp;,$55,900.00&nbsp;,$79,200.00&nbsp;,$192,000.00&nbsp;,$282,000.00&nbsp;
Polytechnic University of New York, Brooklyn&nbsp;,Northeastern&nbsp;,$62,400.00&nbsp;,$114,000.00&nbsp;,$66,800.00&nbsp;,$94,300.00&nbsp;,$143,000.00&nbsp;,$190,000.00&nbsp;
Cooper Union&nbsp;,Northeastern&nbsp;,$62,200.00&nbsp;,$114,000.00&nbsp;,N/A&nbsp;,$80,200.00&nbsp;,$142,000.00&nbsp;,N/A&nbsp;
Worcester Polytechnic Institute (WPI)&nbsp;,Northeastern&nbsp;,$61,000.00&nbsp;,$114,000.00&nbsp;,$80,000.00&nbsp;,$91,200.00&nbsp;,$137,000.00&nbsp;,$180,000.00&nbsp;
Carnegie Mellon University (CMU)&nbsp;,Northeastern&nbsp;,$61,800.00&nbsp;,$111,000.00&nbsp;,$63,300.00&nbsp;,$80,100.00&nbsp;,$150,000.00&nbsp;,$209,000.00&nbsp;
Rensselaer Polytechnic Institute (RPI)&nbsp;,Northeastern&nbsp;,$61,100.00&nbsp;,$110,000.00&nbsp;,$71,600.00&nbsp;,$85,500.00&nbsp;,$140,000.00&nbsp;,$182,000.00&nbsp;
Cornell University&nbsp;,Northeastern&nbsp;,$60,300.00&nbsp;,$110,000.00&nbsp;,$56,800.00&nbsp;,$79,800.00&nbsp;,$160,000.00&nbsp;,$210,000.00&nbsp;
Bucknell University&nbsp;,Northeastern&nbsp;,$54,100.00&nbsp;,$110,000.00&nbsp;,$62,800.00&nbsp;,$80,600.00&nbsp;,$156,000.00&nbsp;,$251,000.00&nbsp;
Brown University&nbsp;,Northeastern&nbsp;,$56,200.00&nbsp;,$109,000.00&nbsp;,$55,400.00&nbsp;,$74,400.00&nbsp;,$159,000.00&nbsp;,$228,000.00&nbsp;
Colgate University&nbsp;,Northeastern&nbsp;,$52,800.00&nbsp;,$108,000.00&nbsp;,$60,000.00&nbsp;,$76,700.00&nbsp;,$167,000.00&nbsp;,$265,000.00&nbsp;
Columbia University&nbsp;,Northeastern&nbsp;,$59,400.00&nbsp;,$107,000.00&nbsp;,$50,300.00&nbsp;,$71,900.00&nbsp;,$161,000.00&nbsp;,$241,000.00&nbsp;
Amherst College&nbsp;,Northeastern&nbsp;,$54,500.00&nbsp;,$107,000.00&nbsp;,N/A&nbsp;,$84,900.00&nbsp;,$162,000.00&nbsp;,N/A&nbsp;
Lafayette College&nbsp;,Northeastern&nbsp;,$53,900.00&nbsp;,$107,000.00&nbsp;,$70,600.00&nbsp;,$79,300.00&nbsp;,$144,000.00&nbsp;,$204,000.00&nbsp;
Bowdoin College&nbsp;,Northeastern&nbsp;,$48,100.00&nbsp;,$107,000.00&nbsp;,N/A&nbsp;,$74,600.00&nbsp;,$146,000.00&nbsp;,N/A&nbsp;
College of the Holy Cross&nbsp;,Northeastern&nbsp;,$50,200.00&nbsp;,$106,000.00&nbsp;,N/A&nbsp;,$65,600.00&nbsp;,$143,000.00&nbsp;,N/A&nbsp;
Stevens Institute of Technology&nbsp;,Northeastern&nbsp;,$60,600.00&nbsp;,$105,000.00&nbsp;,$68,700.00&nbsp;,$81,900.00&nbsp;,$138,000.00&nbsp;,$185,000.00&nbsp;
Lehigh University&nbsp;,Northeastern&nbsp;,$59,200.00&nbsp;,$105,000.00&nbsp;,$69,500.00&nbsp;,$85,000.00&nbsp;,$160,000.00&nbsp;,$229,000.00&nbsp;
Swarthmore College&nbsp;,Northeastern&nbsp;,$49,700.00&nbsp;,$104,000.00&nbsp;,N/A&nbsp;,$67,200.00&nbsp;,$167,000.00&nbsp;,N/A&nbsp;
Boston College&nbsp;,Northeastern&nbsp;,$52,700.00&nbsp;,$103,000.00&nbsp;,$48,900.00&nbsp;,$70,000.00&nbsp;,$143,000.00&nbsp;,$195,000.00&nbsp;
Williams College&nbsp;,Northeastern&nbsp;,$51,700.00&nbsp;,$102,000.00&nbsp;,N/A&nbsp;,$76,400.00&nbsp;,$143,000.00&nbsp;,N/A&nbsp;
Villanova University&nbsp;,Northeastern&nbsp;,$55,800.00&nbsp;,$101,000.00&nbsp;,$56,800.00&nbsp;,$76,200.00&nbsp;,$156,000.00&nbsp;,$226,000.00&nbsp;
Fordham University&nbsp;,Northeastern&nbsp;,$47,800.00&nbsp;,$99,900.00&nbsp;,$48,600.00&nbsp;,$65,900.00&nbsp;,$142,000.00&nbsp;,$198,000.00&nbsp;
Wesleyan University (Middletown, Connecticut)&nbsp;,Northeastern&nbsp;,$46,500.00&nbsp;,$97,900.00&nbsp;,$42,000.00&nbsp;,$62,500.00&nbsp;,$126,000.00&nbsp;,$215,000.00&nbsp;
Wentworth Institute of Technology&nbsp;,Northeastern&nbsp;,$53,000.00&nbsp;,$96,700.00&nbsp;,$55,200.00&nbsp;,$74,000.00&nbsp;,$117,000.00&nbsp;,$153,000.00&nbsp;
Bates College&nbsp;,Northeastern&nbsp;,$47,300.00&nbsp;,$96,500.00&nbsp;,N/A&nbsp;,$60,700.00&nbsp;,$162,000.00&nbsp;,N/A&nbsp;
Binghamton University&nbsp;,Northeastern&nbsp;,$53,600.00&nbsp;,$95,900.00&nbsp;,$50,900.00&nbsp;,$71,200.00&nbsp;,$146,000.00&nbsp;,$201,000.00&nbsp;
Union College&nbsp;,Northeastern&nbsp;,$47,200.00&nbsp;,$95,800.00&nbsp;,$48,700.00&nbsp;,$75,200.00&nbsp;,$135,000.00&nbsp;,$230,000.00&nbsp;
New York University (NYU)&nbsp;,Northeastern&nbsp;,$50,300.00&nbsp;,$95,600.00&nbsp;,$47,500.00&nbsp;,$65,000.00&nbsp;,$142,000.00&nbsp;,$216,000.00&nbsp;
Vassar College&nbsp;,Northeastern&nbsp;,$46,000.00&nbsp;,$94,600.00&nbsp;,N/A&nbsp;,$60,600.00&nbsp;,$123,000.00&nbsp;,N/A&nbsp;
Middlebury College&nbsp;,Northeastern&nbsp;,$47,700.00&nbsp;,$94,200.00&nbsp;,N/A&nbsp;,$69,100.00&nbsp;,$129,000.00&nbsp;,N/A&nbsp;
Mount Holyoke College&nbsp;,Northeastern&nbsp;,$42,400.00&nbsp;,$94,200.00&nbsp;,N/A&nbsp;,$57,100.00&nbsp;,$131,000.00&nbsp;,N/A&nbsp;
Boston University&nbsp;,Northeastern&nbsp;,$49,000.00&nbsp;,$93,900.00&nbsp;,$48,000.00&nbsp;,$64,900.00&nbsp;,$130,000.00&nbsp;,$193,000.00&nbsp;
Drexel University&nbsp;,Northeastern&nbsp;,$53,400.00&nbsp;,$93,500.00&nbsp;,$54,900.00&nbsp;,$72,500.00&nbsp;,$122,000.00&nbsp;,$161,000.00&nbsp;
St. John's University, New York&nbsp;,Northeastern&nbsp;,$48,000.00&nbsp;,$93,400.00&nbsp;,$48,000.00&nbsp;,$65,400.00&nbsp;,$124,000.00&nbsp;,$181,000.00&nbsp;
Long Island University&nbsp;,Northeastern&nbsp;,$47,300.00&nbsp;,$93,200.00&nbsp;,$46,300.00&nbsp;,$62,100.00&nbsp;,$122,000.00&nbsp;,$169,000.00&nbsp;
Stony Brook University&nbsp;,Northeastern&nbsp;,$49,500.00&nbsp;,$93,000.00&nbsp;,$47,200.00&nbsp;,$67,100.00&nbsp;,$129,000.00&nbsp;,$181,000.00&nbsp;
Franklin and Marshall College&nbsp;,Northeastern&nbsp;,$49,100.00&nbsp;,$92,800.00&nbsp;,N/A&nbsp;,$55,800.00&nbsp;,$185,000.00&nbsp;,N/A&nbsp;
Hofstra University&nbsp;,Northeastern&nbsp;,$46,800.00&nbsp;,$92,700.00&nbsp;,$48,900.00&nbsp;,$67,000.00&nbsp;,$135,000.00&nbsp;,$189,000.00&nbsp;
State University of New York (SUNY) at Albany&nbsp;,Northeastern&nbsp;,$44,500.00&nbsp;,$92,200.00&nbsp;,$47,000.00&nbsp;,$63,100.00&nbsp;,$135,000.00&nbsp;,$209,000.00&nbsp;
Rutgers University&nbsp;,Northeastern&nbsp;,$50,300.00&nbsp;,$91,800.00&nbsp;,$48,100.00&nbsp;,$65,100.00&nbsp;,$128,000.00&nbsp;,$176,000.00&nbsp;
Pratt Institute&nbsp;,Northeastern&nbsp;,$43,800.00&nbsp;,$89,900.00&nbsp;,$48,600.00&nbsp;,$65,400.00&nbsp;,$123,000.00&nbsp;,$155,000.00&nbsp;
Pace University&nbsp;,Northeastern&nbsp;,$53,200.00&nbsp;,$89,700.00&nbsp;,$44,200.00&nbsp;,$65,400.00&nbsp;,$129,000.00&nbsp;,$187,000.00&nbsp;
Seton Hall University&nbsp;,Northeastern&nbsp;,$48,900.00&nbsp;,$89,200.00&nbsp;,$55,700.00&nbsp;,$70,600.00&nbsp;,$133,000.00&nbsp;,$195,000.00&nbsp;
Rider University&nbsp;,Northeastern&nbsp;,$43,600.00&nbsp;,$88,900.00&nbsp;,$47,100.00&nbsp;,$63,100.00&nbsp;,$127,000.00&nbsp;,$150,000.00&nbsp;
University of Connecticut (UConn)&nbsp;,Northeastern&nbsp;,$48,000.00&nbsp;,$88,800.00&nbsp;,$46,100.00&nbsp;,$66,400.00&nbsp;,$120,000.00&nbsp;,$162,000.00&nbsp;
Providence College&nbsp;,Northeastern&nbsp;,$48,000.00&nbsp;,$88,600.00&nbsp;,$42,800.00&nbsp;,$62,900.00&nbsp;,$138,000.00&nbsp;,$194,000.00&nbsp;
University of Massachusetts (UMass) - Amherst&nbsp;,Northeastern&nbsp;,$46,600.00&nbsp;,$88,200.00&nbsp;,$43,100.00&nbsp;,$61,300.00&nbsp;,$122,000.00&nbsp;,$168,000.00&nbsp;
Ithaca College&nbsp;,Northeastern&nbsp;,$42,700.00&nbsp;,$87,400.00&nbsp;,$50,200.00&nbsp;,$62,400.00&nbsp;,$128,000.00&nbsp;,$174,000.00&nbsp;
University of Massachusetts (UMass) - Lowell&nbsp;,Northeastern&nbsp;,$45,400.00&nbsp;,$86,600.00&nbsp;,$50,900.00&nbsp;,$65,000.00&nbsp;,$113,000.00&nbsp;,$158,000.00&nbsp;
Northeastern University&nbsp;,Northeastern&nbsp;,$50,500.00&nbsp;,$86,400.00&nbsp;,$47,100.00&nbsp;,$62,700.00&nbsp;,$117,000.00&nbsp;,$159,000.00&nbsp;
Syracuse University&nbsp;,Northeastern&nbsp;,$45,700.00&nbsp;,$85,900.00&nbsp;,$46,400.00&nbsp;,$59,400.00&nbsp;,$119,000.00&nbsp;,$178,000.00&nbsp;
Colby College&nbsp;,Northeastern&nbsp;,$46,400.00&nbsp;,$85,800.00&nbsp;,N/A&nbsp;,$63,500.00&nbsp;,$129,000.00&nbsp;,N/A&nbsp;
Gettysburg College&nbsp;,Northeastern&nbsp;,$44,700.00&nbsp;,$85,800.00&nbsp;,N/A&nbsp;,$66,300.00&nbsp;,$132,000.00&nbsp;,N/A&nbsp;
Pennsylvania State University (PSU)&nbsp;,Northeastern&nbsp;,$49,900.00&nbsp;,$85,700.00&nbsp;,$46,300.00&nbsp;,$62,000.00&nbsp;,$117,000.00&nbsp;,$160,000.00&nbsp;
University of Rhode Island (URI)&nbsp;,Northeastern&nbsp;,$43,900.00&nbsp;,$85,300.00&nbsp;,$45,400.00&nbsp;,$60,100.00&nbsp;,$112,000.00&nbsp;,$157,000.00&nbsp;
Siena College&nbsp;,Northeastern&nbsp;,$45,500.00&nbsp;,$85,200.00&nbsp;,$38,700.00&nbsp;,$58,400.00&nbsp;,$129,000.00&nbsp;,$189,000.00&nbsp;
La Salle University (Philadelphia)&nbsp;,Northeastern&nbsp;,$43,400.00&nbsp;,$84,700.00&nbsp;,$45,300.00&nbsp;,$57,500.00&nbsp;,$106,000.00&nbsp;,$151,000.00&nbsp;
Rochester Institute of Technology (RIT)&nbsp;,Northeastern&nbsp;,$48,900.00&nbsp;,$84,600.00&nbsp;,$45,000.00&nbsp;,$62,100.00&nbsp;,$112,000.00&nbsp;,$159,000.00&nbsp;
Duquesne University&nbsp;,Northeastern&nbsp;,$40,700.00&nbsp;,$84,400.00&nbsp;,$42,600.00&nbsp;,$59,500.00&nbsp;,$107,000.00&nbsp;,$131,000.00&nbsp;
State University of New York (SUNY) at Farmingdale&nbsp;,Northeastern&nbsp;,$47,300.00&nbsp;,$84,200.00&nbsp;,$50,200.00&nbsp;,$59,800.00&nbsp;,$110,000.00&nbsp;,$162,000.00&nbsp;
Smith College&nbsp;,Northeastern&nbsp;,$44,000.00&nbsp;,$83,900.00&nbsp;,$45,100.00&nbsp;,$59,800.00&nbsp;,$129,000.00&nbsp;,$184,000.00&nbsp;
Hamilton College&nbsp;,Northeastern&nbsp;,$49,200.00&nbsp;,$83,700.00&nbsp;,N/A&nbsp;,$51,900.00&nbsp;,$123,000.00&nbsp;,N/A&nbsp;
Wellesley College&nbsp;,Northeastern&nbsp;,$42,800.00&nbsp;,$83,500.00&nbsp;,N/A&nbsp;,$58,600.00&nbsp;,$125,000.00&nbsp;,N/A&nbsp;
Widener University&nbsp;,Northeastern&nbsp;,$52,900.00&nbsp;,$83,400.00&nbsp;,$42,600.00&nbsp;,$61,400.00&nbsp;,$106,000.00&nbsp;,$138,000.00&nbsp;
University of New Haven&nbsp;,Northeastern&nbsp;,$44,400.00&nbsp;,$82,900.00&nbsp;,$48,500.00&nbsp;,$66,100.00&nbsp;,$113,000.00&nbsp;,$157,000.00&nbsp;
Dowling College&nbsp;,Northeastern&nbsp;,$41,100.00&nbsp;,$82,800.00&nbsp;,$46,500.00&nbsp;,$60,600.00&nbsp;,$117,000.00&nbsp;,$142,000.00&nbsp;
University of Vermont (UVM)&nbsp;,Northeastern&nbsp;,$44,800.00&nbsp;,$82,700.00&nbsp;,$44,700.00&nbsp;,$58,000.00&nbsp;,$122,000.00&nbsp;,$194,000.00&nbsp;
State University of New York (SUNY) at Buffalo&nbsp;,Northeastern&nbsp;,$46,200.00&nbsp;,$81,700.00&nbsp;,$45,900.00&nbsp;,$61,400.00&nbsp;,$110,000.00&nbsp;,$147,000.00&nbsp;
State University of New York (SUNY) at Geneseo&nbsp;,Northeastern&nbsp;,$42,300.00&nbsp;,$81,300.00&nbsp;,$39,300.00&nbsp;,$47,600.00&nbsp;,$117,000.00&nbsp;,$173,000.00&nbsp;
Fashion Institute of Technology&nbsp;,Northeastern&nbsp;,$42,800.00&nbsp;,$81,000.00&nbsp;,$38,800.00&nbsp;,$60,500.00&nbsp;,$106,000.00&nbsp;,$138,000.00&nbsp;
Philadelphia University&nbsp;,Northeastern&nbsp;,$45,100.00&nbsp;,$80,300.00&nbsp;,$45,800.00&nbsp;,$61,900.00&nbsp;,$108,000.00&nbsp;,$141,000.00&nbsp;
Ursinus College&nbsp;,Northeastern&nbsp;,$42,100.00&nbsp;,$80,000.00&nbsp;,$35,600.00&nbsp;,$54,300.00&nbsp;,$100,000.00&nbsp;,$160,000.00&nbsp;
Adelphi University&nbsp;,Northeastern&nbsp;,$40,600.00&nbsp;,$79,200.00&nbsp;,$44,200.00&nbsp;,$54,800.00&nbsp;,$114,000.00&nbsp;,$160,000.00&nbsp;
Juniata College&nbsp;,Northeastern&nbsp;,$41,800.00&nbsp;,$78,900.00&nbsp;,N/A&nbsp;,$67,200.00&nbsp;,$110,000.00&nbsp;,N/A&nbsp;
Fairleigh Dickinson University&nbsp;,Northeastern&nbsp;,$45,700.00&nbsp;,$78,700.00&nbsp;,$40,200.00&nbsp;,$56,300.00&nbsp;,$112,000.00&nbsp;,$171,000.00&nbsp;
University of New Hampshire (UNH)&nbsp;,Northeastern&nbsp;,$41,800.00&nbsp;,$78,300.00&nbsp;,$41,700.00&nbsp;,$56,400.00&nbsp;,$114,000.00&nbsp;,$147,000.00&nbsp;
University of Massachusetts (UMass) - Boston&nbsp;,Northeastern&nbsp;,$45,600.00&nbsp;,$78,200.00&nbsp;,$36,300.00&nbsp;,$53,800.00&nbsp;,$109,000.00&nbsp;,$151,000.00&nbsp;
State University of New York (SUNY) at Oswego&nbsp;,Northeastern&nbsp;,$38,000.00&nbsp;,$77,800.00&nbsp;,$40,400.00&nbsp;,$53,000.00&nbsp;,$115,000.00&nbsp;,$169,000.00&nbsp;
University of Massachusetts (UMass) - Dartmouth&nbsp;,Northeastern&nbsp;,$43,200.00&nbsp;,$77,700.00&nbsp;,$43,300.00&nbsp;,$56,200.00&nbsp;,$107,000.00&nbsp;,$132,000.00&nbsp;
State University of New York (SUNY) at Oneonta&nbsp;,Northeastern&nbsp;,$37,500.00&nbsp;,$76,700.00&nbsp;,$40,000.00&nbsp;,$54,300.00&nbsp;,$97,700.00&nbsp;,$155,000.00&nbsp;
Quinnipiac University&nbsp;,Northeastern&nbsp;,$43,000.00&nbsp;,$76,500.00&nbsp;,$47,900.00&nbsp;,$57,400.00&nbsp;,$117,000.00&nbsp;,$155,000.00&nbsp;
State University of New York (SUNY) at Plattsburgh&nbsp;,Northeastern&nbsp;,$40,800.00&nbsp;,$76,200.00&nbsp;,$38,400.00&nbsp;,$54,100.00&nbsp;,$105,000.00&nbsp;,$136,000.00&nbsp;
Sacred Heart University&nbsp;,Northeastern&nbsp;,$46,000.00&nbsp;,$75,300.00&nbsp;,$39,700.00&nbsp;,$54,800.00&nbsp;,$105,000.00&nbsp;,$150,000.00&nbsp;
Skidmore College&nbsp;,Northeastern&nbsp;,$41,600.00&nbsp;,$74,600.00&nbsp;,N/A&nbsp;,$42,800.00&nbsp;,$147,000.00&nbsp;,N/A&nbsp;
Moravian College&nbsp;,Northeastern&nbsp;,$42,500.00&nbsp;,$74,400.00&nbsp;,N/A&nbsp;,$56,700.00&nbsp;,$94,900.00&nbsp;,N/A&nbsp;
Penn State - Harrisburg&nbsp;,Northeastern&nbsp;,$45,700.00&nbsp;,$74,000.00&nbsp;,$44,000.00&nbsp;,$53,100.00&nbsp;,$104,000.00&nbsp;,$150,000.00&nbsp;
Suffolk University&nbsp;,Northeastern&nbsp;,$42,100.00&nbsp;,$74,000.00&nbsp;,$48,700.00&nbsp;,$57,800.00&nbsp;,$95,100.00&nbsp;,$145,000.00&nbsp;
Fitchburg State College&nbsp;,Northeastern&nbsp;,$42,400.00&nbsp;,$72,600.00&nbsp;,$43,300.00&nbsp;,$56,100.00&nbsp;,$99,600.00&nbsp;,$151,000.00&nbsp;
Roger Williams University&nbsp;,Northeastern&nbsp;,$42,000.00&nbsp;,$72,300.00&nbsp;,$39,800.00&nbsp;,$48,500.00&nbsp;,$102,000.00&nbsp;,$138,000.00&nbsp;
University Of Maine&nbsp;,Northeastern&nbsp;,$41,200.00&nbsp;,$72,100.00&nbsp;,$41,700.00&nbsp;,$55,600.00&nbsp;,$99,300.00&nbsp;,$141,000.00&nbsp;
State University of New York (SUNY) at Potsdam&nbsp;,Northeastern&nbsp;,$38,000.00&nbsp;,$70,300.00&nbsp;,$35,100.00&nbsp;,$51,200.00&nbsp;,$100,000.00&nbsp;,$179,000.00&nbsp;
Niagara University&nbsp;,Northeastern&nbsp;,$36,900.00&nbsp;,$69,700.00&nbsp;,$44,000.00&nbsp;,$57,000.00&nbsp;,$92,000.00&nbsp;,$128,000.00&nbsp;
State University of New York (SUNY) at Fredonia&nbsp;,Northeastern&nbsp;,$37,800.00&nbsp;,$66,200.00&nbsp;,$32,800.00&nbsp;,$44,200.00&nbsp;,$93,300.00&nbsp;,$181,000.00&nbsp;
University of Southern Maine&nbsp;,Northeastern&nbsp;,$39,400.00&nbsp;,$63,600.00&nbsp;,$40,400.00&nbsp;,$47,900.00&nbsp;,$85,700.00&nbsp;,$117,000.00&nbsp;
Mercy College&nbsp;,Northeastern&nbsp;,$43,700.00&nbsp;,$62,600.00&nbsp;,$35,600.00&nbsp;,$47,300.00&nbsp;,$99,000.00&nbsp;,$134,000.00&nbsp;